{"annotationResult":{"data":{"attributes":{"action":"","ai_ref":"human","annotated_imgname":"Pinwheel/Ajigasawa/T1/2022-01-05/1641361862102/output/compressed_T28_IMG_3992_269042.JPG","annotation_type":"box","anomaly_mapping":"","chord":"","comments":"","defect_type":"","family":"","family_desc":"","implication":"","included_in_report":"true","inspector_lid":14,"length":"","object_id":232601,"root_cause":"","severity":"","side":"Leading Edge","source":"","sub_family":"","waypoints":"[[[2696.960264900662,1544.9006622516556]],[[2696.960264900662,1773.774834437086]],[[3063.1589403973508,1773.774834437086]],[[3063.1589403973508,1544.9006622516556]]]","width":"","z":""},"id":269042,"type":"tableAnnotate"}},"reportJsonMetadata":{"Anomaly Images for Axis 1":[{"Action":"","Annotation Link":"Pinwheel/Ajigasawa/T1/2022-01-05/1641361862102/output/compressed_T28_IMG_3992_269040.JPG","Axis-ID":"1-001","Blade Axis":"1","Chord Y(%)":"","Condition Group & Type":"","Image Link":"Pinwheel/Ajigasawa/T1/2022-01-05/1641361862102/input/compressed_T28_IMG_3992.JPG","Image Reference":"compressed_T28_IMG_3992","Length":"","Remarks":"","Severity Category":"","Shell":"Leading Edge","Span Z(m)":"","Width":""},{"Action":"","Annotation Link":"Pinwheel/Ajigasawa/T1/2022-01-05/1641361862102/output/compressed_T28_IMG_3992_269041.JPG","Axis-ID":"1-002","Blade Axis":"1","Chord Y(%)":"","Condition Group & Type":"","Image Link":"Pinwheel/Ajigasawa/T1/2022-01-05/1641361862102/input/compressed_T28_IMG_3992.JPG","Image Reference":"compressed_T28_IMG_3992","Length":"","Remarks":"","Severity Category":"","Shell":"Leading Edge","Span Z(m)":"","Width":""},{"Action":"Repair/replacement Required","Annotation Link":"Pinwheel/Ajigasawa/T1/2022-01-05/1641361862102/output/compressed_T28_IMG_3992_269039.JPG","Axis-ID":"1-003","Blade Axis":"1","Chord Y(%)":"","Condition Group & Type":"Auxilliary Shear Web - Balancing Box / Arcing / Blowout","Image Link":"Pinwheel/Ajigasawa/T1/2022-01-05/1641361862102/input/compressed_T28_IMG_3992.JPG","Image Reference":"compressed_T28_IMG_3992","Length":"","Remarks":"","Severity Category":"Category 1","Shell":"Leading Edge","Span Z(m)":"","Width":""},{"Action":"","Annotation Link":"Pinwheel/Ajigasawa/T1/2022-01-05/1641361862102/output/compressed_T28_IMG_3992_269042.JPG","Axis-ID":"1-004","Blade Axis":"1","Chord Y(%)":"","Condition Group & Type":"","Image Link":"Pinwheel/Ajigasawa/T1/2022-01-05/1641361862102/input/compressed_T28_IMG_3992.JPG","Image Reference":"compressed_T28_IMG_3992","Length":"","Remarks":"","Severity Category":"","Shell":"Leading Edge","Span Z(m)":"","Width":""},{"Action":"","Annotation Link":"Pinwheel/Ajigasawa/T1/2022-01-05/1641361862102/output/compressed_T40_IMG_3992_269038.JPG","Axis-ID":"1-005","Blade Axis":"1","Chord Y(%)":"","Condition Group & Type":"","Image Link":"Pinwheel/Ajigasawa/T1/2022-01-05/1641361862102/input/compressed_T40_IMG_3992.JPG","Image Reference":"compressed_T40_IMG_3992","Length":"","Remarks":"Crack- Suction side","Severity Category":"","Shell":"Suction Side","Span Z(m)":"","Width":""}],"Anomaly Images for Axis 2":[],"Anomaly Images for Axis 3":[],"Anomaly Table for Axis 1":[{"Action":"","Axis-ID":"1-001","Chord Y(%)":"","Condition Group & Type":"","Length":"","Remarks":"","Severity Category":"","Shell":"Leading Edge","Span Z(m)":"","Width":""},{"Action":"","Axis-ID":"1-002","Chord Y(%)":"","Condition Group & Type":"","Length":"","Remarks":"","Severity Category":"","Shell":"Leading Edge","Span Z(m)":"","Width":""},{"Action":"Repair/replacement Required","Axis-ID":"1-003","Chord Y(%)":"","Condition Group & Type":"Auxilliary Shear Web - Balancing Box / Arcing / Blowout","Length":"","Remarks":"","Severity Category":"Category 1","Shell":"Leading Edge","Span Z(m)":"","Width":""},{"Action":"","Axis-ID":"1-004","Chord Y(%)":"","Condition Group & Type":"","Length":"","Remarks":"","Severity Category":"","Shell":"Leading Edge","Span Z(m)":"","Width":""},{"Action":"","Axis-ID":"1-005","Chord Y(%)":"","Condition Group & Type":"","Length":"","Remarks":"Crack- Suction side","Severity Category":"","Shell":"Suction Side","Span Z(m)":"","Width":""}],"Anomaly Table for Axis 2":[],"Anomaly Table for Axis 3":[],"Blade Axis SerialNumber Mapping":{"1":"","-2":"","-3":""},"Contact Details":{"Email":"","Firstname":"","Lastname":"","Phone":""},"Header":{"Inspection Date":"2022-01-05","Project Name":"Ajigasawa","Turbine/Pad Number":"T1"},"INSPECTION DATA":{"Ambient Humidity (%)":"","Ambient Temperature (C)":"","Distance from Tower (m)":"","Inspection Equipment":"HD camera","Inspection Type":"Pinwheel","Lead Inspector":"Rasna Srisrimal","Lens Type (mm)":"","Technicians on Site":"Akanksha Singh","Time from WTG Production to Idle (mins)":"","Wind Direction":"","Wind Speed during inspection (m/s)":""},"REPORT DETAILS":{"Created By":"Rasna Srisrimal","Created Date":1641538360,"Inspection Date":"2022-01-05","Report Issue Date":"2022-01-07","Report Released By":"80","SABRE Inspection":"Approved","Summary/Comments":"","Version":0},"Report Number":"20220105-Ajigasawa-T1","TURBINE MASTER DATA":{"Blade Manufacturer":"","Blade Part numbers":"","Blade Serial Number":{"Axis 1":"","Axis 2":"","Axis 3":""},"Blade Type":"","Customer":"WIND ASSET CORPORATION","Hub Height (m)":"","Project Name":"Ajigasawa","Region":"APAC","Site Address":"","Site Country":"","Site State/Province":"","Turbine Model":"3.2-103","Turbine/Pad Number":"T1","Turbine_COD":"2019-11-01"}},"signedUrls":[{"file_name":"Pinwheel/Ajigasawa/T1/2022-01-05/1641361862102/input/compressed_T28_IMG_3992.JPG","url":"https://renewables-uai3032519-inspect-dev.s3-accelerate.amazonaws.com/Pinwheel/Ajigasawa/T1/2022-01-05/1641361862102/input/compressed_T28_IMG_3992.JPG?X-Amz-Algorithm=AWS4-HMAC-SHA256&X-Amz-Credential=ASIASMTKVJDFWJI7VZUD%2F20220331%2Fus-east-1%2Fs3%2Faws4_request&X-Amz-Date=20220331T085606Z&X-Amz-Expires=14400&X-Amz-SignedHeaders=host&X-Amz-Security-Token=FwoGZXIvYXdzEIr%2F%2F%2F%2F%2F%2F%2F%2F%2F%2FwEaDPSuedF1URA8IMPKNSKbBOBvlenVucu65%2BegReYCK5GVbWnseO%2FWSFQFKT6%2FSVKnRHYYX8H5kzir0lXdTr%2F2fWBga92ZGcTFSg5JOoP5jkGWe8w8OpzUqs4zUWr4YKEOSCGb8C89x3i%2BzSEIUQRYUgNm51RHMgEaNLGpNDUPfAnWTi%2Bk1rbUQhNj%2FpwJnkWFMJo%2BL9jZjyom2TdgFA5NxPo0vtwt2PgXoCbzfqSopr7zgz0RTz5haXzUSRoLDsJ0HKNT0VvvwFUyBGY7HUqAXZ0ayakeAUDcQArpqKaTMcA492Z%2BN4kHAhI5hoDLNXKvoZTB9KcJc9iLTGVuqmZNDpOtxSJ4KzSBdU8IhWUF3NMphLvk2Gmn9QcxV%2F6y2w0Qe8%2BwPMH%2FL%2FreW%2FQz41g8xRAH6FBH4b0ZxD2eDFtnRhFvEczcKQsA%2Fo%2B5xUG30gsJu5ArrFfCb1gQH27Dlx8G8KzpdRV9knpLu0XJ2Q57GOhmf73py2oitRTO33Z3a2pzPcHuo5Dp9ZHOUvhEu8JjKbauQZvBlNZoZLYNLhC5nP1pTXOeGsx84IYhNuwIvvcMIOzUPjHiCmZPL6i63Dc1CkDXjNq0NIHGLYz17L6fOQocP%2FkdopnikaYyrzuZ0p%2FPNimGBsFWSGXBX7BRy%2FLo3DwaIWp268ftjZp3sn%2BsvmCOrWAwvpaWL0cgotENSoigWQ5XP%2BJ3WI%2B6XvAjAE%2BL2K3nn6bAnMhf0nlgKKbZlZIGMipgb6Iez7LVtlhW9F4JICB6c2OARkrI21V8tjJhiWtTMWlixGY6XrW5M9Q%3D&X-Amz-Signature=af4638d0f8c0e5ca5f359caf2fd2ac1a6cc548ed65c8c1fb177ac2b4e844305e"},{"file_name":"Pinwheel/Ajigasawa/T1/2022-01-05/1641361862102/output/compressed_T28_IMG_3992_269042.JPG","url":"https://renewables-uai3032519-inspect-dev.s3-accelerate.amazonaws.com/Pinwheel/Ajigasawa/T1/2022-01-05/1641361862102/output/compressed_T28_IMG_3992_269042.JPG?X-Amz-Algorithm=AWS4-HMAC-SHA256&X-Amz-Credential=ASIASMTKVJDFWJI7VZUD%2F20220331%2Fus-east-1%2Fs3%2Faws4_request&X-Amz-Date=20220331T085606Z&X-Amz-Expires=14400&X-Amz-SignedHeaders=host&X-Amz-Security-Token=FwoGZXIvYXdzEIr%2F%2F%2F%2F%2F%2F%2F%2F%2F%2FwEaDPSuedF1URA8IMPKNSKbBOBvlenVucu65%2BegReYCK5GVbWnseO%2FWSFQFKT6%2FSVKnRHYYX8H5kzir0lXdTr%2F2fWBga92ZGcTFSg5JOoP5jkGWe8w8OpzUqs4zUWr4YKEOSCGb8C89x3i%2BzSEIUQRYUgNm51RHMgEaNLGpNDUPfAnWTi%2Bk1rbUQhNj%2FpwJnkWFMJo%2BL9jZjyom2TdgFA5NxPo0vtwt2PgXoCbzfqSopr7zgz0RTz5haXzUSRoLDsJ0HKNT0VvvwFUyBGY7HUqAXZ0ayakeAUDcQArpqKaTMcA492Z%2BN4kHAhI5hoDLNXKvoZTB9KcJc9iLTGVuqmZNDpOtxSJ4KzSBdU8IhWUF3NMphLvk2Gmn9QcxV%2F6y2w0Qe8%2BwPMH%2FL%2FreW%2FQz41g8xRAH6FBH4b0ZxD2eDFtnRhFvEczcKQsA%2Fo%2B5xUG30gsJu5ArrFfCb1gQH27Dlx8G8KzpdRV9knpLu0XJ2Q57GOhmf73py2oitRTO33Z3a2pzPcHuo5Dp9ZHOUvhEu8JjKbauQZvBlNZoZLYNLhC5nP1pTXOeGsx84IYhNuwIvvcMIOzUPjHiCmZPL6i63Dc1CkDXjNq0NIHGLYz17L6fOQocP%2FkdopnikaYyrzuZ0p%2FPNimGBsFWSGXBX7BRy%2FLo3DwaIWp268ftjZp3sn%2BsvmCOrWAwvpaWL0cgotENSoigWQ5XP%2BJ3WI%2B6XvAjAE%2BL2K3nn6bAnMhf0nlgKKbZlZIGMipgb6Iez7LVtlhW9F4JICB6c2OARkrI21V8tjJhiWtTMWlixGY6XrW5M9Q%3D&X-Amz-Signature=20a8c088acf0c83e2ce5abcf21ebeb51541a8a3974845ce19af876763c8aa015"}],"status":"Success getting damage details "}