{
    "result": {
        "data": [
            {
                "attributes": {
                    "auto_execute": "true",
                    "blade_serial_number": "999",
                    "create_date": 1643092981,
                    "datashark_version_id": "1.0.2",
                    "deleted": false,
                    "executioncompletion_date": 1643093177,
                    "executor_lid": 68,
                    "inspection_type": "Burst Photography",
                    "inspector_lid": 140,
                    "numberof_defectimages": 0,
                    "numberof_images": 8,
                    "numberof_videos": 8,
                    "postprocessingcompletion_date": 1643093270,
                    "reportcompletion_date": 1643093372,
                    "s3": "Burst Photography/Aachen Nord/AACH15/2022-01-25/1643092980746",
                    "scan_date": "2022-01-25",
                    "site_lid": 2304,
                    "stage_status": "complete",
                    "turbine_cod": "2017-09-28",
                    "turbine_number": "AACH15",
                    "turbinetype_lid": 102,
                    "uploadcompletion_date": 0,
                    "uploader_lid": 68,
                    "workflow_stage": "report"
                },
                "id": 5871,
                "type": "tableJobs"
            },
            {
                "attributes": {
                    "auto_execute": "true",
                    "blade_serial_number": "999",
                    "create_date": 1643092981,
                    "datashark_version_id": "1.0.2",
                    "deleted": false,
                    "executioncompletion_date": 1643093177,
                    "executor_lid": 68,
                    "inspection_type": "Burst Photography",
                    "inspector_lid": 140,
                    "numberof_defectimages": 0,
                    "numberof_images": 8,
                    "numberof_videos": 8,
                    "postprocessingcompletion_date": 1643093270,
                    "reportcompletion_date": 1643093372,
                    "s3": "Burst Photography/Aachen Nord/AACH15/2022-01-25/1643092980746",
                    "scan_date": "2022-01-25",
                    "site_lid": 2304,
                    "stage_status": "complete",
                    "turbine_cod": "2017-09-28",
                    "turbine_number": "AACH15",
                    "turbinetype_lid": 102,
                    "uploadcompletion_date": 0,
                    "uploader_lid": 68,
                    "workflow_stage": "report"
                },
                "id": 5872,
                "type": "tableJobs"
            }
        ],
        "status": "Success Getting Jobs"
    }
}