{"result":{"damage_counts":{"anomalies":16,"closed":0,"open":16},"damages":[{"Action":"","Asset":"T1","Axis #":1,"Blade Serial #":"","Case Detail":"","Category":"","Component":"Blade","Damage":"","Damage ID":269042,"Date Identified":1641538271,"Inspection Id":3944,"InspectionType":"Pinwheel","Location":"Leading Edge","Region":"APAC","Required Date":"","Site":"Ajigasawa","Span":"","Status":"Open","Turbine Model":"3.2-103","Type":"Wind Turbine"},{"Action":"","Asset":"T1","Axis #":1,"Blade Serial #":"","Case Detail":"","Category":"","Component":"Blade","Damage":"","Damage ID":269041,"Date Identified":1641538271,"Inspection Id":3944,"InspectionType":"Pinwheel","Location":"Leading Edge","Region":"APAC","Required Date":"","Site":"Ajigasawa","Span":"","Status":"Open","Turbine Model":"3.2-103","Type":"Wind Turbine"},{"Action":"","Asset":"T1","Axis #":1,"Blade Serial #":"","Case Detail":"","Category":"","Component":"Blade","Damage":"","Damage ID":269040,"Date Identified":1641538271,"Inspection Id":3944,"InspectionType":"Pinwheel","Location":"Leading Edge","Region":"APAC","Required Date":"","Site":"Ajigasawa","Span":"","Status":"Open","Turbine Model":"3.2-103","Type":"Wind Turbine"},{"Action":"Repair/replacement Required","Asset":"T1","Axis #":1,"Blade Serial #":"","Case Detail":"","Category":"Category 1","Component":"Blade","Damage":"Arcing / Blowout","Damage ID":269039,"Date Identified":1641538271,"Inspection Id":3944,"InspectionType":"Pinwheel","Location":"Leading Edge","Region":"APAC","Required Date":"","Site":"Ajigasawa","Span":"","Status":"Open","Turbine Model":"3.2-103","Type":"Wind Turbine"},{"Action":"","Asset":"T1","Axis #":1,"Blade Serial #":"","Case Detail":"","Category":"","Component":"Blade","Damage":"","Damage ID":269038,"Date Identified":1641538271,"Inspection Id":3944,"InspectionType":"Pinwheel","Location":"Suction Side","Region":"APAC","Required Date":"","Site":"Ajigasawa","Span":"","Status":"Open","Turbine Model":"3.2-103","Type":"Wind Turbine"},{"Action":"","Asset":"T1","Axis #":2,"Blade Serial #":"asd","Case Detail":"","Category":"","Component":"Blade","Damage":"","Damage ID":269016,"Date Identified":1641296960,"Inspection Id":3938,"InspectionType":"Burst Photography","Location":"Leading Edge","Region":"APAC","Required Date":"","Site":"Ajigasawa","Span":"","Status":"Open","Turbine Model":"3.2-103","Type":"Wind Turbine"},{"Action":"Repair/replacement Required","Asset":"T1","Axis #":1,"Blade Serial #":"1","Case Detail":"","Category":"Category 1","Component":"Blade","Damage":"Arcing / Blowout","Damage ID":269015,"Date Identified":1641296960,"Inspection Id":3938,"InspectionType":"Burst Photography","Location":"Pressure Side","Region":"APAC","Required Date":1641296960,"Site":"Ajigasawa","Span":"","Status":"Open","Turbine Model":"3.2-103","Type":"Wind Turbine"},{"Action":"","Asset":"T1","Axis #":2,"Blade Serial #":"FNC-0235ET079","Case Detail":"","Category":"","Component":"Blade","Damage":"","Damage ID":211644,"Date Identified":1633369873,"Inspection Id":3060,"InspectionType":"Burst Photography","Location":"Pressure Side","Region":"APAC","Required Date":"","Site":"Ajigasawa","Span":"0","Status":"Open","Turbine Model":"3.2-103","Type":"Wind Turbine"},{"Action":"","Asset":"Ajigasawa T1","Axis #":2,"Blade Serial #":"Test123-Blade1","Case Detail":"","Category":"","Component":"Blade","Damage":"","Damage ID":203521,"Date Identified":1632827237,"Inspection Id":2985,"InspectionType":"Burst Photography","Location":"Pressure Side","Region":"APAC","Required Date":"","Site":"Ajigasawa","Span":"50","Status":"Open","Turbine Model":"3.2-103","Type":"Wind Turbine"},{"Action":"","Asset":"Ajigasawa T1","Axis #":1,"Blade Serial #":"","Case Detail":"","Category":"","Component":"Blade","Damage":"","Damage ID":201343,"Date Identified":1632301568,"Inspection Id":2954,"InspectionType":"Burst Photography","Location":"Leading Edge","Region":"APAC","Required Date":"","Site":"Ajigasawa","Span":"","Status":"Open","Turbine Model":"3.2-103","Type":"Wind Turbine"},{"Action":"","Asset":"Ajigasawa T1","Axis #":1,"Blade Serial #":"","Case Detail":"","Category":"","Component":"Blade","Damage":"","Damage ID":201342,"Date Identified":1632301568,"Inspection Id":2954,"InspectionType":"Burst Photography","Location":"Pressure Side","Region":"APAC","Required Date":"","Site":"Ajigasawa","Span":"","Status":"Open","Turbine Model":"3.2-103","Type":"Wind Turbine"},{"Action":"","Asset":"Ajigasawa T1","Axis #":1,"Blade Serial #":"","Case Detail":"","Category":"","Component":"Blade","Damage":"","Damage ID":201339,"Date Identified":1632301568,"Inspection Id":2954,"InspectionType":"Burst Photography","Location":"Leading Edge","Region":"APAC","Required Date":"","Site":"Ajigasawa","Span":"","Status":"Open","Turbine Model":"3.2-103","Type":"Wind Turbine"},{"Action":"repair/replacement-required","Asset":"Ajigasawa T1","Axis #":1,"Blade Serial #":"","Case Detail":"","Category":"no-indications","Component":"Blade","Damage":"air-void/bubble","Damage ID":201336,"Date Identified":1632301568,"Inspection Id":2954,"InspectionType":"Burst Photography","Location":"Leading Edge","Region":"APAC","Required Date":1632301568,"Site":"Ajigasawa","Span":"0","Status":"Open","Turbine Model":"3.2-103","Type":"Wind Turbine"},{"Action":"","Asset":"Ajigasawa T1","Axis #":1,"Blade Serial #":"","Case Detail":"","Category":"","Component":"Blade","Damage":"","Damage ID":201335,"Date Identified":1632301568,"Inspection Id":2954,"InspectionType":"Burst Photography","Location":"Leading Edge","Region":"APAC","Required Date":"","Site":"Ajigasawa","Span":"20","Status":"Open","Turbine Model":"3.2-103","Type":"Wind Turbine"},{"Action":"repair-recommended","Asset":"Ajigasawa T1","Axis #":0,"Blade Serial #":"FNC-0235ET079","Case Detail":"","Category":"category-5-(m---structural)","Component":"Blade","Damage":"vortex-generator-(vg)","Damage ID":148376,"Date Identified":1626338972,"Inspection Id":2125,"InspectionType":"Burst Photography","Location":"Pressure Side","Region":"APAC","Required Date":1641890972,"Site":"Ajigasawa","Span":"50","Status":"Open","Turbine Model":"3.2-103","Type":"Wind Turbine"},{"Action":"continue-operation","Asset":"Ajigasawa T1","Axis #":0,"Blade Serial #":"FNC-0235ET079","Case Detail":"","Category":"category-5-(m---structural)","Component":"Blade","Damage":"air-void/bubble","Damage ID":148223,"Date Identified":1626338972,"Inspection Id":2125,"InspectionType":"Burst Photography","Location":"Pressure Side","Region":"APAC","Required Date":1627634972,"Site":"Ajigasawa","Span":"10","Status":"Open","Turbine Model":"3.2-103","Type":"Wind Turbine"}]},"status":"Success getting damages"}