{"items":[{"access":"family","label":"Part","values":["ADD-ON","TRAILING EDGE WEB (AUX SHEAR WEB)","CIRCULAR STIFFNER / ROOT BULKHEAD / ROOT CLOSEOUT","HARDWARE","LIGHTNING PROTECTION SYSTEM","LEADING EDGE WEB (MAIN SHEAR WEB)","OTHER","PIN JOINT","SHELL","SPAR CAP","TIP BREAKER SYSTEM / TIP SYSTEM"]},{"access":"sub_family","label":"Sub Part","values":["BALANCING BOX","BARRELL NUT","BLADE IDENTIFICATION PLATE / TAG / STICKERS","BONDING","BUSHING / STUD / STAY BOLTS","CABLE","CONNECTOR","CORE","DRAINAGE / VENTILATION","HATCH DOOR / LID / RCO COVER","LAMINATE","LE Protection","LIQUID DAMPER","LPS COVER PLY","REPAIR WINDOW","OVERLAMINATION","RECEPTOR","RIB","SEAM SEAL","SERRATION","SPOILER","STALL BARRIER","STALL STRIP","SURFACE / COATING","THROUGH / STRUCTURAL","VORTEX GENERATOR","ZIG-ZAG TAPE","SCREW/BOLT"]},{"access":"family_desc","label":"Damage Type","values":["ARCING / BLOWOUT","BLISTERING / BUBBLE","BLOCKAGE / CLOGGED","BUCKLING","CORROSION","CRACK, CHORD-WISE","CRACK, DIAGONAL/MULTI-DIRECTIONAL","CRACK, SPANWISE / SPLIT","CRUSH / BROKEN / IMPACT","DELAMINATION","DIRT / GREASE / TAPE","DISCOLORATON / CONTAMINATION / SPILLAGE","DISCONNECT","DRY LAMINATE","EROSION / PITTING","FLAKING / PEELING / CHIP","FOREIGN OBJECT","GAP / VOID","HOLE","INSUFFICIENT / LESS","MISLOCATION / OFFSET / STEP","MISSING","RESIN POOL / RESIN RICH","SANDING / GRINDING","SCRATCH / IMPRESSIONS","ADD ON - SEPERATION / DISBOND / LIBERATION","WAVE / UNDULATION / WRINKLE","OTHER","EXCESSIVE / CORE"]},{"access":"severity","label":"Category","values":["No Indication","Category 1","Category 2","Category 3","Category 4","Category 5","INDICATION"]},{"access":"root_cause","label":"Probable Cause","values":["ENVIRONMENTAL CONDITION","FORCE MAJEURE - OTHER","HANDLING","LIGHTNING","NONCONFORMING / IMPROPER / PRIOR REPAIR","PRODUCT QUALITY","SECONDARY DAMAGE","Unfinished / Inprocess Repair","UNKNOWN","WEAR AND TEAR"]},{"access":"action","label":"Action","values":["Repair/Replacement Required","Continue Operation","Re-Inspect"]},{"access":"source","label":"Follow-up","values":["DO NOT OPERATE","1 week","15 days","1 month","45 days","3 months","6 months","1 year"]}],"status":"Success getting damage tree details."}