{
    "result": {
        "data": [
            {
                "attributes": {
                    "asset_site_id": "50006099",
                    "customer_id": 82,
                    "region_id": 1,
                    "sitename": "3.3 MW GE Prototype",
                    "id": 5871,
                    "type": "tableSite"
                },
                "id": 5871,
                "type": "tableSite"
            },
            {
                "attributes": {
                    "asset_site_id": "50006098",
                    "customer_id": 81,
                    "region_id": 2,
                    "sitename": "3.3 MW GE",
                    "id": 5872,
                    "type": "tableSite"
                },
                "id": 5872,
                "type": "tableSite"
            }
        ],
        "status": "Success getting site names"
    }
}