{
    "result": {
        "Anomaly Images for Axis 1": [
            {
                "Action": "Continue Operation",
                "Annotation Link": "Burst Photography/Ajigasawa/T1/2022-01-07/1641544383009/output/compressed_T169_IMG_2538_270262.JPG",
                "Axis-ID": "1-001",
                "Blade Axis": "1",
                "Chord Y(%)": "2.5",
                "Condition Group & Type": "Trailing Edge Web (aux Shear Web) - Blade Identification Plate / Tag / Stickers / Crack, Spanwise / Split",
                "Image Link": "Burst Photography/Ajigasawa/T1/2022-01-07/1641544383009/input/compressed_T169_IMG_2538.JPG",
                "Image Reference": "compressed_T169_IMG_2538",
                "Length": "",
                "Remarks": "Lightning Damage",
                "Severity Category": "Category 3",
                "Shell": "Pressure Side",
                "Span Z(m)": "0.1",
                "Width": "43.5"
            },
            {
                "Action": "",
                "Annotation Link": "Burst Photography/Ajigasawa/T1/2022-01-07/1641544383009/output/compressed_T169_IMG_2579_270264.JPG",
                "Axis-ID": "1-002",
                "Blade Axis": "1",
                "Chord Y(%)": "",
                "Condition Group & Type": "Add On - Balancing Box / ",
                "Image Link": "Burst Photography/Ajigasawa/T1/2022-01-07/1641544383009/input/compressed_T169_IMG_2579.JPG",
                "Image Reference": "compressed_T169_IMG_2579",
                "Length": "",
                "Remarks": "Lightning Damage",
                "Severity Category": "",
                "Shell": "Pressure Side",
                "Span Z(m)": "",
                "Width": ""
            },
            {
                "Action": "",
                "Annotation Link": "Burst Photography/Ajigasawa/T1/2022-01-07/1641544383009/output/compressed_T169_IMG_2579_270273.JPG",
                "Axis-ID": "1-003",
                "Blade Axis": "1",
                "Chord Y(%)": "",
                "Condition Group & Type": "Trailing Edge Web (aux Shear Web) - Balancing Box / ",
                "Image Link": "Burst Photography/Ajigasawa/T1/2022-01-07/1641544383009/input/compressed_T169_IMG_2579.JPG",
                "Image Reference": "compressed_T169_IMG_2579",
                "Length": "",
                "Remarks": "sample test",
                "Severity Category": "",
                "Shell": "Pressure Side",
                "Span Z(m)": "",
                "Width": ""
            },
            {
                "Action": "",
                "Annotation Link": "Burst Photography/Ajigasawa/T1/2022-01-07/1641544383009/output/compressed_T175_IMG_9872_270260.JPG",
                "Axis-ID": "1-004",
                "Blade Axis": "1",
                "Chord Y(%)": "",
                "Condition Group & Type": "",
                "Image Link": "Burst Photography/Ajigasawa/T1/2022-01-07/1641544383009/input/compressed_T175_IMG_9872.JPG",
                "Image Reference": "compressed_T175_IMG_9872",
                "Length": "",
                "Remarks": "Crack",
                "Severity Category": "",
                "Shell": "Other",
                "Span Z(m)": "",
                "Width": ""
            },
            {
                "Action": "",
                "Annotation Link": "Burst Photography/Ajigasawa/T1/2022-01-07/1641544383009/output/compressed_T169_IMG_2538_270475.JPG",
                "Axis-ID": "1-005",
                "Blade Axis": "1",
                "Chord Y(%)": "",
                "Condition Group & Type": "",
                "Image Link": "Burst Photography/Ajigasawa/T1/2022-01-07/1641544383009/input/compressed_T169_IMG_2538.JPG",
                "Image Reference": "compressed_T169_IMG_2538",
                "Length": "",
                "Remarks": "",
                "Severity Category": "",
                "Shell": "Pressure Side",
                "Span Z(m)": "",
                "Width": ""
            },
            {
                "Action": "",
                "Annotation Link": "Burst Photography/Ajigasawa/T1/2022-01-07/1641544383009/output/compressed_T169_IMG_2579_270508.JPG",
                "Axis-ID": "1-006",
                "Blade Axis": "1",
                "Chord Y(%)": "",
                "Condition Group & Type": "",
                "Image Link": "Burst Photography/Ajigasawa/T1/2022-01-07/1641544383009/input/compressed_T169_IMG_2579.JPG",
                "Image Reference": "compressed_T169_IMG_2579",
                "Length": "",
                "Remarks": "",
                "Severity Category": "",
                "Shell": "Pressure Side",
                "Span Z(m)": "",
                "Width": ""
            },
            {
                "Action": "",
                "Annotation Link": "Burst Photography/Ajigasawa/T1/2022-01-07/1641544383009/output/compressed_T169_IMG_2579_270518.JPG",
                "Axis-ID": "1-007",
                "Blade Axis": "1",
                "Chord Y(%)": "",
                "Condition Group & Type": "",
                "Image Link": "Burst Photography/Ajigasawa/T1/2022-01-07/1641544383009/input/compressed_T169_IMG_2579.JPG",
                "Image Reference": "compressed_T169_IMG_2579",
                "Length": "",
                "Remarks": "test1",
                "Severity Category": "",
                "Shell": "Pressure Side",
                "Span Z(m)": "",
                "Width": ""
            },
            {
                "Action": "",
                "Annotation Link": "Burst Photography/Ajigasawa/T1/2022-01-07/1641544383009/output/compressed_T169_IMG_2538_270519.JPG",
                "Axis-ID": "1-008",
                "Blade Axis": "1",
                "Chord Y(%)": "",
                "Condition Group & Type": "",
                "Image Link": "Burst Photography/Ajigasawa/T1/2022-01-07/1641544383009/input/compressed_T169_IMG_2538.JPG",
                "Image Reference": "compressed_T169_IMG_2538",
                "Length": "",
                "Remarks": "",
                "Severity Category": "",
                "Shell": "Pressure Side",
                "Span Z(m)": "",
                "Width": ""
            },
            {
                "Action": "",
                "Annotation Link": "Burst Photography/Ajigasawa/T1/2022-01-07/1641544383009/output/compressed_T169_IMG_2579_270528.JPG",
                "Axis-ID": "1-009",
                "Blade Axis": "1",
                "Chord Y(%)": "",
                "Condition Group & Type": "",
                "Image Link": "Burst Photography/Ajigasawa/T1/2022-01-07/1641544383009/input/compressed_T169_IMG_2579.JPG",
                "Image Reference": "compressed_T169_IMG_2579",
                "Length": "",
                "Remarks": "",
                "Severity Category": "",
                "Shell": "Pressure Side",
                "Span Z(m)": "",
                "Width": ""
            },
            {
                "Action": "",
                "Annotation Link": "Burst Photography/Ajigasawa/T1/2022-01-07/1641544383009/output/compressed_T175_IMG_9872_270526.JPG",
                "Axis-ID": "1-010",
                "Blade Axis": "1",
                "Chord Y(%)": "",
                "Condition Group & Type": "",
                "Image Link": "Burst Photography/Ajigasawa/T1/2022-01-07/1641544383009/input/compressed_T175_IMG_9872.JPG",
                "Image Reference": "compressed_T175_IMG_9872",
                "Length": "",
                "Remarks": "",
                "Severity Category": "",
                "Shell": "Other",
                "Span Z(m)": "",
                "Width": ""
            },
            {
                "Action": "Continue Operation",
                "Annotation Link": "Burst Photography/Ajigasawa/T1/2022-01-07/1641544383009/output/compressed_T169_IMG_2538_270473.JPG",
                "Axis-ID": "1-011",
                "Blade Axis": "1",
                "Chord Y(%)": "",
                "Condition Group & Type": "Add On - Balancing Box / Blistering / Bubble",
                "Image Link": "Burst Photography/Ajigasawa/T1/2022-01-07/1641544383009/input/compressed_T169_IMG_2538.JPG",
                "Image Reference": "compressed_T169_IMG_2538",
                "Length": "",
                "Remarks": "new test2",
                "Severity Category": "Category 1",
                "Shell": "Pressure Side",
                "Span Z(m)": "",
                "Width": ""
            },
            {
                "Action": "Continue Operation",
                "Annotation Link": "Burst Photography/Ajigasawa/T1/2022-01-07/1641544383009/output/compressed_T169_IMG_2538_270474.JPG",
                "Axis-ID": "1-012",
                "Blade Axis": "1",
                "Chord Y(%)": "",
                "Condition Group & Type": "Trailing Edge Web (aux Shear Web) - Blade Identification Plate / Tag / Stickers / Buckling",
                "Image Link": "Burst Photography/Ajigasawa/T1/2022-01-07/1641544383009/input/compressed_T169_IMG_2538.JPG",
                "Image Reference": "compressed_T169_IMG_2538",
                "Length": "",
                "Remarks": "testing",
                "Severity Category": "Category 3",
                "Shell": "Pressure Side",
                "Span Z(m)": "",
                "Width": ""
            },
            {
                "Action": "Continue Operation",
                "Annotation Link": "Burst Photography/Ajigasawa/T1/2022-01-07/1641544383009/output/compressed_T169_IMG_2579_270476.JPG",
                "Axis-ID": "1-013",
                "Blade Axis": "1",
                "Chord Y(%)": "",
                "Condition Group & Type": "Add On - Barrell Nut / Blistering / Bubble",
                "Image Link": "Burst Photography/Ajigasawa/T1/2022-01-07/1641544383009/input/compressed_T169_IMG_2579.JPG",
                "Image Reference": "compressed_T169_IMG_2579",
                "Length": "",
                "Remarks": "new test",
                "Severity Category": "Category 1",
                "Shell": "Pressure Side",
                "Span Z(m)": "",
                "Width": ""
            },
            {
                "Action": "Continue Operation",
                "Annotation Link": "Burst Photography/Ajigasawa/T1/2022-01-07/1641544383009/output/compressed_T175_IMG_9872_270477.JPG",
                "Axis-ID": "1-014",
                "Blade Axis": "1",
                "Chord Y(%)": "",
                "Condition Group & Type": "Add On - Balancing Box / Blistering / Bubble",
                "Image Link": "Burst Photography/Ajigasawa/T1/2022-01-07/1641544383009/input/compressed_T175_IMG_9872.JPG",
                "Image Reference": "compressed_T175_IMG_9872",
                "Length": "",
                "Remarks": "tetsing",
                "Severity Category": "No Indication",
                "Shell": "Other",
                "Span Z(m)": "",
                "Width": ""
            },
            {
                "Action": "",
                "Annotation Link": "Burst Photography/Ajigasawa/T1/2022-01-07/1641544383009/output/compressed_T175_IMG_9872_270478.JPG",
                "Axis-ID": "1-015",
                "Blade Axis": "1",
                "Chord Y(%)": "",
                "Condition Group & Type": "",
                "Image Link": "Burst Photography/Ajigasawa/T1/2022-01-07/1641544383009/input/compressed_T175_IMG_9872.JPG",
                "Image Reference": "compressed_T175_IMG_9872",
                "Length": "",
                "Remarks": "",
                "Severity Category": "",
                "Shell": "Other",
                "Span Z(m)": "",
                "Width": ""
            },
            {
                "Action": "",
                "Annotation Link": "Burst Photography/Ajigasawa/T1/2022-01-07/1641544383009/output/compressed_T175_IMG_9872_270479.JPG",
                "Axis-ID": "1-016",
                "Blade Axis": "1",
                "Chord Y(%)": "",
                "Condition Group & Type": "",
                "Image Link": "Burst Photography/Ajigasawa/T1/2022-01-07/1641544383009/input/compressed_T175_IMG_9872.JPG",
                "Image Reference": "compressed_T175_IMG_9872",
                "Length": "",
                "Remarks": "test",
                "Severity Category": "",
                "Shell": "Other",
                "Span Z(m)": "",
                "Width": ""
            },
            {
                "Action": "",
                "Annotation Link": "Burst Photography/Ajigasawa/T1/2022-01-07/1641544383009/output/compressed_T175_IMG_9872_270511.JPG",
                "Axis-ID": "1-017",
                "Blade Axis": "1",
                "Chord Y(%)": "",
                "Condition Group & Type": "",
                "Image Link": "Burst Photography/Ajigasawa/T1/2022-01-07/1641544383009/input/compressed_T175_IMG_9872.JPG",
                "Image Reference": "compressed_T175_IMG_9872",
                "Length": "",
                "Remarks": "",
                "Severity Category": "",
                "Shell": "Other",
                "Span Z(m)": "",
                "Width": ""
            },
            {
                "Action": "",
                "Annotation Link": "Burst Photography/Ajigasawa/T1/2022-01-07/1641544383009/output/compressed_T169_IMG_2538_271360.JPG",
                "Axis-ID": "1-018",
                "Blade Axis": "1",
                "Chord Y(%)": "",
                "Condition Group & Type": "",
                "Image Link": "Burst Photography/Ajigasawa/T1/2022-01-07/1641544383009/input/compressed_T169_IMG_2538.JPG",
                "Image Reference": "compressed_T169_IMG_2538",
                "Length": "",
                "Remarks": "",
                "Severity Category": "",
                "Shell": "Pressure Side",
                "Span Z(m)": "",
                "Width": ""
            }
        ],
        "Anomaly Images for Axis 2": [
            {
                "Action": "Repair/replacement Required",
                "Annotation Link": "Burst Photography/Ajigasawa/T1/2022-01-07/1641544383009/output/compressed_T169_IMG_2537_270405.JPG",
                "Axis-ID": "2-001",
                "Blade Axis": "2",
                "Chord Y(%)": "1.2",
                "Condition Group & Type": "Add On - Balancing Box / Blistering / Bubble",
                "Image Link": "Burst Photography/Ajigasawa/T1/2022-01-07/1641544383009/input/compressed_T169_IMG_2537.JPG",
                "Image Reference": "compressed_T169_IMG_2537",
                "Length": "",
                "Remarks": "test data",
                "Severity Category": "Category 1",
                "Shell": "Trailing Edge",
                "Span Z(m)": "0",
                "Width": "23.3"
            },
            {
                "Action": "Repair/replacement Required",
                "Annotation Link": "Burst Photography/Ajigasawa/T1/2022-01-07/1641544383009/output/compressed_T169_IMG_2578_270407.JPG",
                "Axis-ID": "2-002",
                "Blade Axis": "2",
                "Chord Y(%)": "1.2",
                "Condition Group & Type": "Add On - Balancing Box / Blistering / Bubble",
                "Image Link": "Burst Photography/Ajigasawa/T1/2022-01-07/1641544383009/input/compressed_T169_IMG_2578.JPG",
                "Image Reference": "compressed_T169_IMG_2578",
                "Length": "",
                "Remarks": "test data",
                "Severity Category": "Category 2",
                "Shell": "Pressure Side",
                "Span Z(m)": "0",
                "Width": "23.4"
            },
            {
                "Action": "",
                "Annotation Link": "Burst Photography/Ajigasawa/T1/2022-01-07/1641544383009/output/compressed_T169_IMG_2539_270263.JPG",
                "Axis-ID": "2-003",
                "Blade Axis": "2",
                "Chord Y(%)": "",
                "Condition Group & Type": "Add On -  / ",
                "Image Link": "Burst Photography/Ajigasawa/T1/2022-01-07/1641544383009/input/compressed_T169_IMG_2539.JPG",
                "Image Reference": "compressed_T169_IMG_2539",
                "Length": "",
                "Remarks": "Lightning Damage",
                "Severity Category": "",
                "Shell": "Pressure Side",
                "Span Z(m)": "",
                "Width": ""
            },
            {
                "Action": "",
                "Annotation Link": "Burst Photography/Ajigasawa/T1/2022-01-07/1641544383009/output/compressed_T169_IMG_2580_270417.JPG",
                "Axis-ID": "2-004",
                "Blade Axis": "2",
                "Chord Y(%)": "",
                "Condition Group & Type": "Add On -  / ",
                "Image Link": "Burst Photography/Ajigasawa/T1/2022-01-07/1641544383009/input/compressed_T169_IMG_2580.JPG",
                "Image Reference": "compressed_T169_IMG_2580",
                "Length": "",
                "Remarks": "test data2",
                "Severity Category": "",
                "Shell": "Pressure Side",
                "Span Z(m)": "",
                "Width": ""
            },
            {
                "Action": "",
                "Annotation Link": "Burst Photography/Ajigasawa/T1/2022-01-07/1641544383009/output/compressed_T169_IMG_2539_270480.JPG",
                "Axis-ID": "2-005",
                "Blade Axis": "2",
                "Chord Y(%)": "",
                "Condition Group & Type": "",
                "Image Link": "Burst Photography/Ajigasawa/T1/2022-01-07/1641544383009/input/compressed_T169_IMG_2539.JPG",
                "Image Reference": "compressed_T169_IMG_2539",
                "Length": "",
                "Remarks": "",
                "Severity Category": "",
                "Shell": "Pressure Side",
                "Span Z(m)": "",
                "Width": ""
            },
            {
                "Action": "",
                "Annotation Link": "Burst Photography/Ajigasawa/T1/2022-01-07/1641544383009/output/compressed_T169_IMG_2537_270482.JPG",
                "Axis-ID": "2-006",
                "Blade Axis": "2",
                "Chord Y(%)": "",
                "Condition Group & Type": "",
                "Image Link": "Burst Photography/Ajigasawa/T1/2022-01-07/1641544383009/input/compressed_T169_IMG_2537.JPG",
                "Image Reference": "compressed_T169_IMG_2537",
                "Length": "",
                "Remarks": "test",
                "Severity Category": "",
                "Shell": "Trailing Edge",
                "Span Z(m)": "",
                "Width": ""
            },
            {
                "Action": "",
                "Annotation Link": "Burst Photography/Ajigasawa/T1/2022-01-07/1641544383009/output/compressed_T169_IMG_2537_270509.JPG",
                "Axis-ID": "2-007",
                "Blade Axis": "2",
                "Chord Y(%)": "",
                "Condition Group & Type": "",
                "Image Link": "Burst Photography/Ajigasawa/T1/2022-01-07/1641544383009/input/compressed_T169_IMG_2537.JPG",
                "Image Reference": "compressed_T169_IMG_2537",
                "Length": "",
                "Remarks": "",
                "Severity Category": "",
                "Shell": "Trailing Edge",
                "Span Z(m)": "",
                "Width": ""
            },
            {
                "Action": "",
                "Annotation Link": "Burst Photography/Ajigasawa/T1/2022-01-07/1641544383009/output/compressed_T169_IMG_2539_270497.JPG",
                "Axis-ID": "2-008",
                "Blade Axis": "2",
                "Chord Y(%)": "",
                "Condition Group & Type": "",
                "Image Link": "Burst Photography/Ajigasawa/T1/2022-01-07/1641544383009/input/compressed_T169_IMG_2539.JPG",
                "Image Reference": "compressed_T169_IMG_2539",
                "Length": "",
                "Remarks": "",
                "Severity Category": "",
                "Shell": "Pressure Side",
                "Span Z(m)": "",
                "Width": ""
            },
            {
                "Action": "",
                "Annotation Link": "Burst Photography/Ajigasawa/T1/2022-01-07/1641544383009/output/compressed_T169_IMG_2578_270507.JPG",
                "Axis-ID": "2-009",
                "Blade Axis": "2",
                "Chord Y(%)": "",
                "Condition Group & Type": "",
                "Image Link": "Burst Photography/Ajigasawa/T1/2022-01-07/1641544383009/input/compressed_T169_IMG_2578.JPG",
                "Image Reference": "compressed_T169_IMG_2578",
                "Length": "",
                "Remarks": "",
                "Severity Category": "",
                "Shell": "Pressure Side",
                "Span Z(m)": "",
                "Width": ""
            },
            {
                "Action": "",
                "Annotation Link": "Burst Photography/Ajigasawa/T1/2022-01-07/1641544383009/output/compressed_T169_IMG_2539_270510.JPG",
                "Axis-ID": "2-010",
                "Blade Axis": "2",
                "Chord Y(%)": "",
                "Condition Group & Type": "",
                "Image Link": "Burst Photography/Ajigasawa/T1/2022-01-07/1641544383009/input/compressed_T169_IMG_2539.JPG",
                "Image Reference": "compressed_T169_IMG_2539",
                "Length": "",
                "Remarks": "",
                "Severity Category": "",
                "Shell": "Pressure Side",
                "Span Z(m)": "",
                "Width": ""
            },
            {
                "Action": "",
                "Annotation Link": "Burst Photography/Ajigasawa/T1/2022-01-07/1641544383009/output/compressed_T169_IMG_2537_270512.JPG",
                "Axis-ID": "2-011",
                "Blade Axis": "2",
                "Chord Y(%)": "",
                "Condition Group & Type": "",
                "Image Link": "Burst Photography/Ajigasawa/T1/2022-01-07/1641544383009/input/compressed_T169_IMG_2537.JPG",
                "Image Reference": "compressed_T169_IMG_2537",
                "Length": "",
                "Remarks": "",
                "Severity Category": "",
                "Shell": "Trailing Edge",
                "Span Z(m)": "",
                "Width": ""
            },
            {
                "Action": "",
                "Annotation Link": "Burst Photography/Ajigasawa/T1/2022-01-07/1641544383009/output/compressed_T169_IMG_2580_270527.JPG",
                "Axis-ID": "2-012",
                "Blade Axis": "2",
                "Chord Y(%)": "",
                "Condition Group & Type": "",
                "Image Link": "Burst Photography/Ajigasawa/T1/2022-01-07/1641544383009/input/compressed_T169_IMG_2580.JPG",
                "Image Reference": "compressed_T169_IMG_2580",
                "Length": "",
                "Remarks": "",
                "Severity Category": "",
                "Shell": "Pressure Side",
                "Span Z(m)": "",
                "Width": ""
            },
            {
                "Action": "",
                "Annotation Link": "Burst Photography/Ajigasawa/T1/2022-01-07/1641544383009/output/compressed_T169_IMG_2578_270532.JPG",
                "Axis-ID": "2-013",
                "Blade Axis": "2",
                "Chord Y(%)": "",
                "Condition Group & Type": "",
                "Image Link": "Burst Photography/Ajigasawa/T1/2022-01-07/1641544383009/input/compressed_T169_IMG_2578.JPG",
                "Image Reference": "compressed_T169_IMG_2578",
                "Length": "",
                "Remarks": "",
                "Severity Category": "",
                "Shell": "Pressure Side",
                "Span Z(m)": "",
                "Width": ""
            },
            {
                "Action": "",
                "Annotation Link": "Burst Photography/Ajigasawa/T1/2022-01-07/1641544383009/output/compressed_T169_IMG_2580_270533.JPG",
                "Axis-ID": "2-014",
                "Blade Axis": "2",
                "Chord Y(%)": "",
                "Condition Group & Type": "",
                "Image Link": "Burst Photography/Ajigasawa/T1/2022-01-07/1641544383009/input/compressed_T169_IMG_2580.JPG",
                "Image Reference": "compressed_T169_IMG_2580",
                "Length": "",
                "Remarks": "",
                "Severity Category": "",
                "Shell": "Pressure Side",
                "Span Z(m)": "",
                "Width": ""
            },
            {
                "Action": "",
                "Annotation Link": "Burst Photography/Ajigasawa/T1/2022-01-07/1641544383009/output/compressed_T175_IMG_9873_270611.JPG",
                "Axis-ID": "2-015",
                "Blade Axis": "2",
                "Chord Y(%)": "",
                "Condition Group & Type": "",
                "Image Link": "Burst Photography/Ajigasawa/T1/2022-01-07/1641544383009/input/compressed_T175_IMG_9873.JPG",
                "Image Reference": "compressed_T175_IMG_9873",
                "Length": "",
                "Remarks": "",
                "Severity Category": "",
                "Shell": "Pressure Side",
                "Span Z(m)": "",
                "Width": ""
            },
            {
                "Action": "",
                "Annotation Link": "Burst Photography/Ajigasawa/T1/2022-01-07/1641544383009/output/compressed_T175_IMG_9871_271356.JPG",
                "Axis-ID": "2-016",
                "Blade Axis": "2",
                "Chord Y(%)": "",
                "Condition Group & Type": "",
                "Image Link": "Burst Photography/Ajigasawa/T1/2022-01-07/1641544383009/input/compressed_T175_IMG_9871.JPG",
                "Image Reference": "compressed_T175_IMG_9871",
                "Length": "",
                "Remarks": "",
                "Severity Category": "",
                "Shell": "Suction Side",
                "Span Z(m)": "",
                "Width": ""
            },
            {
                "Action": "",
                "Annotation Link": "Burst Photography/Ajigasawa/T1/2022-01-07/1641544383009/output/compressed_T175_IMG_9871_271357.JPG",
                "Axis-ID": "2-017",
                "Blade Axis": "2",
                "Chord Y(%)": "",
                "Condition Group & Type": "",
                "Image Link": "Burst Photography/Ajigasawa/T1/2022-01-07/1641544383009/input/compressed_T175_IMG_9871.JPG",
                "Image Reference": "compressed_T175_IMG_9871",
                "Length": "",
                "Remarks": "",
                "Severity Category": "",
                "Shell": "Suction Side",
                "Span Z(m)": "",
                "Width": ""
            },
            {
                "Action": "",
                "Annotation Link": "Burst Photography/Ajigasawa/T1/2022-01-07/1641544383009/output/compressed_T175_IMG_9871_271358.JPG",
                "Axis-ID": "2-018",
                "Blade Axis": "2",
                "Chord Y(%)": "",
                "Condition Group & Type": "",
                "Image Link": "Burst Photography/Ajigasawa/T1/2022-01-07/1641544383009/input/compressed_T175_IMG_9871.JPG",
                "Image Reference": "compressed_T175_IMG_9871",
                "Length": "",
                "Remarks": "",
                "Severity Category": "",
                "Shell": "Suction Side",
                "Span Z(m)": "",
                "Width": ""
            }
        ],
        "Anomaly Images for Axis 3": [],
        "Anomaly Table for Axis 1": [
            {
                "Action": "Continue Operation",
                "Axis-ID": "1-001",
                "Chord Y(%)": "2.5",
                "Condition Group & Type": "Trailing Edge Web (aux Shear Web) - Blade Identification Plate / Tag / Stickers / Crack, Spanwise / Split",
                "Length": "",
                "Remarks": "Lightning Damage",
                "Severity Category": "Category 3",
                "Shell": "Pressure Side",
                "Span Z(m)": "0.1",
                "Width": "43.5"
            },
            {
                "Action": "",
                "Axis-ID": "1-002",
                "Chord Y(%)": "",
                "Condition Group & Type": "Add On - Balancing Box / ",
                "Length": "",
                "Remarks": "Lightning Damage",
                "Severity Category": "",
                "Shell": "Pressure Side",
                "Span Z(m)": "",
                "Width": ""
            },
            {
                "Action": "",
                "Axis-ID": "1-003",
                "Chord Y(%)": "",
                "Condition Group & Type": "Trailing Edge Web (aux Shear Web) - Balancing Box / ",
                "Length": "",
                "Remarks": "sample test",
                "Severity Category": "",
                "Shell": "Pressure Side",
                "Span Z(m)": "",
                "Width": ""
            },
            {
                "Action": "",
                "Axis-ID": "1-004",
                "Chord Y(%)": "",
                "Condition Group & Type": "",
                "Length": "",
                "Remarks": "Crack",
                "Severity Category": "",
                "Shell": "Other",
                "Span Z(m)": "",
                "Width": ""
            },
            {
                "Action": "",
                "Axis-ID": "1-005",
                "Chord Y(%)": "",
                "Condition Group & Type": "",
                "Length": "",
                "Remarks": "",
                "Severity Category": "",
                "Shell": "Pressure Side",
                "Span Z(m)": "",
                "Width": ""
            },
            {
                "Action": "",
                "Axis-ID": "1-006",
                "Chord Y(%)": "",
                "Condition Group & Type": "",
                "Length": "",
                "Remarks": "",
                "Severity Category": "",
                "Shell": "Pressure Side",
                "Span Z(m)": "",
                "Width": ""
            },
            {
                "Action": "",
                "Axis-ID": "1-007",
                "Chord Y(%)": "",
                "Condition Group & Type": "",
                "Length": "",
                "Remarks": "test1",
                "Severity Category": "",
                "Shell": "Pressure Side",
                "Span Z(m)": "",
                "Width": ""
            },
            {
                "Action": "",
                "Axis-ID": "1-008",
                "Chord Y(%)": "",
                "Condition Group & Type": "",
                "Length": "",
                "Remarks": "",
                "Severity Category": "",
                "Shell": "Pressure Side",
                "Span Z(m)": "",
                "Width": ""
            },
            {
                "Action": "",
                "Axis-ID": "1-009",
                "Chord Y(%)": "",
                "Condition Group & Type": "",
                "Length": "",
                "Remarks": "",
                "Severity Category": "",
                "Shell": "Pressure Side",
                "Span Z(m)": "",
                "Width": ""
            },
            {
                "Action": "",
                "Axis-ID": "1-010",
                "Chord Y(%)": "",
                "Condition Group & Type": "",
                "Length": "",
                "Remarks": "",
                "Severity Category": "",
                "Shell": "Other",
                "Span Z(m)": "",
                "Width": ""
            },
            {
                "Action": "Continue Operation",
                "Axis-ID": "1-011",
                "Chord Y(%)": "",
                "Condition Group & Type": "Add On - Balancing Box / Blistering / Bubble",
                "Length": "",
                "Remarks": "new test2",
                "Severity Category": "Category 1",
                "Shell": "Pressure Side",
                "Span Z(m)": "",
                "Width": ""
            },
            {
                "Action": "Continue Operation",
                "Axis-ID": "1-012",
                "Chord Y(%)": "",
                "Condition Group & Type": "Trailing Edge Web (aux Shear Web) - Blade Identification Plate / Tag / Stickers / Buckling",
                "Length": "",
                "Remarks": "testing",
                "Severity Category": "Category 3",
                "Shell": "Pressure Side",
                "Span Z(m)": "",
                "Width": ""
            },
            {
                "Action": "Continue Operation",
                "Axis-ID": "1-013",
                "Chord Y(%)": "",
                "Condition Group & Type": "Add On - Barrell Nut / Blistering / Bubble",
                "Length": "",
                "Remarks": "new test",
                "Severity Category": "Category 1",
                "Shell": "Pressure Side",
                "Span Z(m)": "",
                "Width": ""
            },
            {
                "Action": "Continue Operation",
                "Axis-ID": "1-014",
                "Chord Y(%)": "",
                "Condition Group & Type": "Add On - Balancing Box / Blistering / Bubble",
                "Length": "",
                "Remarks": "tetsing",
                "Severity Category": "No Indication",
                "Shell": "Other",
                "Span Z(m)": "",
                "Width": ""
            },
            {
                "Action": "",
                "Axis-ID": "1-015",
                "Chord Y(%)": "",
                "Condition Group & Type": "",
                "Length": "",
                "Remarks": "",
                "Severity Category": "",
                "Shell": "Other",
                "Span Z(m)": "",
                "Width": ""
            },
            {
                "Action": "",
                "Axis-ID": "1-016",
                "Chord Y(%)": "",
                "Condition Group & Type": "",
                "Length": "",
                "Remarks": "test",
                "Severity Category": "",
                "Shell": "Other",
                "Span Z(m)": "",
                "Width": ""
            },
            {
                "Action": "",
                "Axis-ID": "1-017",
                "Chord Y(%)": "",
                "Condition Group & Type": "",
                "Length": "",
                "Remarks": "",
                "Severity Category": "",
                "Shell": "Other",
                "Span Z(m)": "",
                "Width": ""
            },
            {
                "Action": "",
                "Axis-ID": "1-018",
                "Chord Y(%)": "",
                "Condition Group & Type": "",
                "Length": "",
                "Remarks": "",
                "Severity Category": "",
                "Shell": "Pressure Side",
                "Span Z(m)": "",
                "Width": ""
            }
        ],
        "Anomaly Table for Axis 2": [
            {
                "Action": "Repair/replacement Required",
                "Axis-ID": "2-001",
                "Chord Y(%)": "1.2",
                "Condition Group & Type": "Add On - Balancing Box / Blistering / Bubble",
                "Length": "",
                "Remarks": "test data",
                "Severity Category": "Category 1",
                "Shell": "Trailing Edge",
                "Span Z(m)": "0",
                "Width": "23.3"
            },
            {
                "Action": "Repair/replacement Required",
                "Axis-ID": "2-002",
                "Chord Y(%)": "1.2",
                "Condition Group & Type": "Add On - Balancing Box / Blistering / Bubble",
                "Length": "",
                "Remarks": "test data",
                "Severity Category": "Category 2",
                "Shell": "Pressure Side",
                "Span Z(m)": "0",
                "Width": "23.4"
            },
            {
                "Action": "",
                "Axis-ID": "2-003",
                "Chord Y(%)": "",
                "Condition Group & Type": "Add On -  / ",
                "Length": "",
                "Remarks": "Lightning Damage",
                "Severity Category": "",
                "Shell": "Pressure Side",
                "Span Z(m)": "",
                "Width": ""
            },
            {
                "Action": "",
                "Axis-ID": "2-004",
                "Chord Y(%)": "",
                "Condition Group & Type": "Add On -  / ",
                "Length": "",
                "Remarks": "test data2",
                "Severity Category": "",
                "Shell": "Pressure Side",
                "Span Z(m)": "",
                "Width": ""
            },
            {
                "Action": "",
                "Axis-ID": "2-005",
                "Chord Y(%)": "",
                "Condition Group & Type": "",
                "Length": "",
                "Remarks": "",
                "Severity Category": "",
                "Shell": "Pressure Side",
                "Span Z(m)": "",
                "Width": ""
            },
            {
                "Action": "",
                "Axis-ID": "2-006",
                "Chord Y(%)": "",
                "Condition Group & Type": "",
                "Length": "",
                "Remarks": "test",
                "Severity Category": "",
                "Shell": "Trailing Edge",
                "Span Z(m)": "",
                "Width": ""
            },
            {
                "Action": "",
                "Axis-ID": "2-007",
                "Chord Y(%)": "",
                "Condition Group & Type": "",
                "Length": "",
                "Remarks": "",
                "Severity Category": "",
                "Shell": "Trailing Edge",
                "Span Z(m)": "",
                "Width": ""
            },
            {
                "Action": "",
                "Axis-ID": "2-008",
                "Chord Y(%)": "",
                "Condition Group & Type": "",
                "Length": "",
                "Remarks": "",
                "Severity Category": "",
                "Shell": "Pressure Side",
                "Span Z(m)": "",
                "Width": ""
            },
            {
                "Action": "",
                "Axis-ID": "2-009",
                "Chord Y(%)": "",
                "Condition Group & Type": "",
                "Length": "",
                "Remarks": "",
                "Severity Category": "",
                "Shell": "Pressure Side",
                "Span Z(m)": "",
                "Width": ""
            },
            {
                "Action": "",
                "Axis-ID": "2-010",
                "Chord Y(%)": "",
                "Condition Group & Type": "",
                "Length": "",
                "Remarks": "",
                "Severity Category": "",
                "Shell": "Pressure Side",
                "Span Z(m)": "",
                "Width": ""
            },
            {
                "Action": "",
                "Axis-ID": "2-011",
                "Chord Y(%)": "",
                "Condition Group & Type": "",
                "Length": "",
                "Remarks": "",
                "Severity Category": "",
                "Shell": "Trailing Edge",
                "Span Z(m)": "",
                "Width": ""
            },
            {
                "Action": "",
                "Axis-ID": "2-012",
                "Chord Y(%)": "",
                "Condition Group & Type": "",
                "Length": "",
                "Remarks": "",
                "Severity Category": "",
                "Shell": "Pressure Side",
                "Span Z(m)": "",
                "Width": ""
            },
            {
                "Action": "",
                "Axis-ID": "2-013",
                "Chord Y(%)": "",
                "Condition Group & Type": "",
                "Length": "",
                "Remarks": "",
                "Severity Category": "",
                "Shell": "Pressure Side",
                "Span Z(m)": "",
                "Width": ""
            },
            {
                "Action": "",
                "Axis-ID": "2-014",
                "Chord Y(%)": "",
                "Condition Group & Type": "",
                "Length": "",
                "Remarks": "",
                "Severity Category": "",
                "Shell": "Pressure Side",
                "Span Z(m)": "",
                "Width": ""
            },
            {
                "Action": "",
                "Axis-ID": "2-015",
                "Chord Y(%)": "",
                "Condition Group & Type": "",
                "Length": "",
                "Remarks": "",
                "Severity Category": "",
                "Shell": "Pressure Side",
                "Span Z(m)": "",
                "Width": ""
            },
            {
                "Action": "",
                "Axis-ID": "2-016",
                "Chord Y(%)": "",
                "Condition Group & Type": "",
                "Length": "",
                "Remarks": "",
                "Severity Category": "",
                "Shell": "Suction Side",
                "Span Z(m)": "",
                "Width": ""
            },
            {
                "Action": "",
                "Axis-ID": "2-017",
                "Chord Y(%)": "",
                "Condition Group & Type": "",
                "Length": "",
                "Remarks": "",
                "Severity Category": "",
                "Shell": "Suction Side",
                "Span Z(m)": "",
                "Width": ""
            },
            {
                "Action": "",
                "Axis-ID": "2-018",
                "Chord Y(%)": "",
                "Condition Group & Type": "",
                "Length": "",
                "Remarks": "",
                "Severity Category": "",
                "Shell": "Suction Side",
                "Span Z(m)": "",
                "Width": ""
            }
        ],
        "Anomaly Table for Axis 3": [],
        "Blade Axis SerialNumber Mapping": {
            "1": "FNC-0252ET079",
            "2": "FNC-0235ET079",
            "-3": ""
        },
        "Contact Details": {
            "Email": "test data 2 vesion2",
            "Firstname": "Vignesh",
            "Lastname": "Selvaganapathi",
            "Phone": "0000000000"
        },
        "Header": {
            "Inspection Date": "2022-01-07",
            "Project Name": "Ajigasawa",
            "Turbine/Pad Number": "T1"
        },
        "INSPECTION DATA": {
            "Ambient Humidity (%)": "test data 2",
            "Ambient Temperature (C)": "test data 2",
            "Distance from Tower (m)": "test data 2",
            "Inspection Equipment": "HD camera",
            "Inspection Type": "Burst",
            "Lead Inspector": "Vignesh Selvaganapathi",
            "Lens Type (mm)": "test data 2",
            "Technicians on Site": "Vignesh Selvaganapathi",
            "Time from WTG Production to Idle (mins)": "test data 2",
            "Wind Direction": "test data 2",
            "Wind Speed during inspection (m/s)": "test data 2"
        },
        "REPORT DETAILS": {
            "Created By": "Ching-Ling Huang",
            "Created Date": 1645080265,
            "Inspection Date": "2022-01-07",
            "Pinwheel Inspection": "test data 2",
            "Report Issue Date": "2022-01-07",
            "Report Released By": "97",
            "SABRE Inspection": "Approved",
            "Summary/Comments": "test data 2",
            "Version": 2
        },
        "Report Number": "20220107-Ajigasawa-T1",
        "TURBINE MASTER DATA": {
            "Blade Manufacturer": "test data 2",
            "Blade Part numbers": "test data 2",
            "Blade Serial Number": {
                "Axis 1": "FNC-0252ET079",
                "Axis 2": "FNC-0235ET079",
                "Axis 3": "test data 2"
            },
            "Blade Type": "test data 2",
            "Customer": "WIND ASSET CORPORATION",
            "Hub Height (m)": "version2",
            "Project Name": "Ajigasawa",
            "Region": "APAC",
            "Site Address": "version2",
            "Site Country": "version2",
            "Site State/Province": "version2",
            "Turbine Model": "3.2-103",
            "Turbine/Pad Number": "T1",
            "Turbine_COD": "2019-11-01"
        }
    },
    "status": "Success GetDataForReportGeneration for job ID: 3957",
    "time_duration": 0
}