{"result":{"data":[{"attributes":{"action":"","ai_ref":"ADR","annotated_imgname":"","annotation_type":"polygon","anomaly_mapping":"","chord":"","comments":"Lightning Damage","defect_type":"","family":"","family_desc":"","image_enhancement_metadata":null,"implication":"","included_in_report":"false","inspector_lid":0,"length":"","object_id":234230,"root_cause":"","severity":"","side":"","source":"","sub_family":"","waypoints":"[[[3253, 2192]], [[3077, 2052]], [[3131, 1984]], [[3307, 2123]]]","width":"","z":""},"id":271048,"type":"tableAnnotate"},{"attributes":{"action":"","ai_ref":"ADR","annotated_imgname":"Pinwheel/Bell Rapids_Camp Reed_Oregon Trail_Paynes Ferry_Tuana Gulch_Thousand Springs_Yankee Creek/TS-T118/2022-01-17/1642404236497/output/compressed_IMG_4800_271047.JPG","annotation_type":"polygon","anomaly_mapping":"","chord":"","comments":"Erosion","defect_type":"","family":"","family_desc":"","image_enhancement_metadata":null,"implication":"","included_in_report":"true","inspector_lid":82,"length":"","object_id":234230,"root_cause":"","severity":"","side":"","source":"","sub_family":"","waypoints":"[[[4227, 1783]], [[3808, 1489]], [[3868, 1405]], [[4286, 1698]]]","width":"","z":""},"id":271047,"type":"tableAnnotate"}]},"status":"Success getting annotations "}