{"result":{"data":{"attributes":{"blade_index":2,"defect_flag":"false","frame":0,"has_annotations":"false","height":3456,"image_distance":0.0,"imgname":"Pinwheel/Bell Rapids_Camp Reed_Oregon Trail_Paynes Ferry_Tuana Gulch_Thousand Springs_Yankee Creek/TS-T118/2022-01-17/1642404236497/input/compressed_IMG_4786.JPG","included_in_report":"false","jobstable_lid":4004,"num_adr_annotations":0,"num_human_annotations":0,"scaling":0.0,"source_video_filename":"pinwheel_placeholder_video","viewed":"false","width":4608},"id":234225,"type":"tableImage"}},"status":"Success getting images "}