{"id":4004,"results":{"data":[{"attributes":{"blade1_axis":0,"blade2_axis":2,"blade3_axis":0,"blade_model":"","blade_oem":"","blade_part_number":"","blade_serial_no":"B321","jobstable_lid":4004,"side":"Pressure Side","videoname":"compressed_IMG_4786.JPG"},"id":52024,"type":"tableVideo"},{"attributes":{"blade1_axis":0,"blade2_axis":2,"blade3_axis":0,"blade_model":"","blade_oem":"","blade_part_number":"","blade_serial_no":"B321","jobstable_lid":4004,"side":"Pressure Side","videoname":"compressed_IMG_4788.JPG"},"id":52025,"type":"tableVideo"},{"attributes":{"blade1_axis":0,"blade2_axis":2,"blade3_axis":0,"blade_model":"","blade_oem":"","blade_part_number":"","blade_serial_no":"B321","jobstable_lid":4004,"side":"Pressure Side","videoname":"compressed_IMG_4800.JPG"},"id":52026,"type":"tableVideo"},{"attributes":{"blade1_axis":0,"blade2_axis":2,"blade3_axis":0,"blade_model":"","blade_oem":"","blade_part_number":"","blade_serial_no":"B321","jobstable_lid":4004,"side":"Pressure Side","videoname":"compressed_IMG_4808.JPG"},"id":52028,"type":"tableVideo"},{"attributes":{"blade1_axis":0,"blade2_axis":2,"blade3_axis":0,"blade_model":"","blade_oem":"","blade_part_number":"","blade_serial_no":"B321","jobstable_lid":4004,"side":"Pressure Side","videoname":"compressed_IMG_4812.JPG"},"id":52029,"type":"tableVideo"},{"attributes":{"blade1_axis":0,"blade2_axis":2,"blade3_axis":0,"blade_model":"","blade_oem":"","blade_part_number":"","blade_serial_no":"B321","jobstable_lid":4004,"side":"Pressure Side","videoname":"compressed_IMG_4845.JPG"},"id":52030,"type":"tableVideo"},{"attributes":{"blade1_axis":0,"blade2_axis":2,"blade3_axis":0,"blade_model":"","blade_oem":"","blade_part_number":"","blade_serial_no":"B321","jobstable_lid":4004,"side":"Pressure Side","videoname":"compressed_IMG_4851.JPG"},"id":52031,"type":"tableVideo"},{"attributes":{"blade1_axis":0,"blade2_axis":2,"blade3_axis":0,"blade_model":"","blade_oem":"","blade_part_number":"","blade_serial_no":"B321","jobstable_lid":4004,"side":"Trailing Edge","videoname":"compressed_IMG_4807.JPG"},"id":52027,"type":"tableVideo"}]},"status":"Success adding this video to video table."}