{
    "assets_summary": [
      {
        "id": "GESTO_BLXW_MVSG01_XFR01_INV01",
        "name": "PCS 01",
        "events_summary": [
          {
            "severity_id": 2,
            "mttr": 193.5
          }
        ]
      },
      {
        "id": "GESTO_BLXW_MVSG01_XFR01_INV02",
        "name": "PCS 02",
        "events_summary": [
          {
            "severity_id": 2,
            "mttr": 71.9
          }
        ]
      },
      {
        "id": "GESTO_BLXW_MVSG01_XFR01_INV03",
        "name": "PCS 03",
        "events_summary": [
          {
            "severity_id": 2,
            "mttr": 0.2
          }
        ]
      },
      {
        "id": "GESTO_BLXW_MVSG01_XFR01_INV04",
        "name": "PCS 04",
        "events_summary": [
          {
            "severity_id": 2,
            "mttr": 130.1
          }
        ]
      },
      {
        "id": "GESTO_BLXW_MVSG02_XFR01_INV01",
        "name": "PCS 05",
        "events_summary": [
          {
            "severity_id": 2,
            "mttr": 0.0
          }
        ]
      },
      {
        "id": "GESTO_BLXW_MVSG02_XFR01_INV02",
        "name": "PCS 06",
        "events_summary": [
          {
            "severity_id": 2,
            "mttr": 129.1
          }
        ]
      },
      {
        "id": "GESTO_BLXW_MVSG02_XFR01_INV03",
        "name": "PCS 07",
        "events_summary": [
          {
            "severity_id": 2,
            "mttr": 174.2
          }
        ]
      },
      {
        "id": "GESTO_BLXW_MVSG02_XFR01_INV04",
        "name": "PCS 08",
        "events_summary": [
          {
            "severity_id": 2,
            "mttr": 247.0
          }
        ]
      },
      {
        "id": "GESTO_BLXW_MVSG03_XFR01_INV01",
        "name": "PCS 09",
        "events_summary": [
          {
            "severity_id": 2,
            "mttr": 0.0
          }
        ]
      },
      {
        "id": "GESTO_BLXW_MVSG03_XFR01_INV02",
        "name": "PCS 10",
        "events_summary": [
          {
            "severity_id": 2,
            "mttr": 86.1
          }
        ]
      },
      {
        "id": "GESTO_BLXW_MVSG03_XFR01_INV03",
        "name": "PCS 11",
        "events_summary": [
          {
            "severity_id": 2,
            "mttr": 129.1
          }
        ]
      },
      {
        "id": "GESTO_BLXW_MVSG04_XFR01_INV01",
        "name": "PCS 12",
        "events_summary": [
          {
            "severity_id": 2,
            "mttr": 0.0
          }
        ]
      },
      {
        "id": "GESTO_BLXW_MVSG04_XFR01_INV02",
        "name": "PCS 13",
        "events_summary": [
          {
            "severity_id": 2,
            "mttr": 0.0
          }
        ]
      },
      {
        "id": "GESTO_BLXW_MVSG04_XFR01_INV03",
        "name": "PCS 14",
        "events_summary": [
          {
            "severity_id": 2,
            "mttr": 1.0
          }
        ]
      },
      {
        "id": "GESTO_BLXW_MVSG05_XFR01_INV01",
        "name": "PCS 15",
        "events_summary": [
          {
            "severity_id": 2,
            "mttr": 0.0
          }
        ]
      },
      {
        "id": "GESTO_BLXW_MVSG05_XFR01_INV02",
        "name": "PCS 16",
        "events_summary": [
          {
            "severity_id": 2,
            "mttr": 0.0
          }
        ]
      },
      {
        "id": "GESTO_BLXW_MVSG05_XFR01_INV03",
        "name": "PCS 17",
        "events_summary": [
          {
            "severity_id": 2,
            "mttr": 0.0
          }
        ]
      },
      {
        "id": "GESTO_BLXW_MVSG06_XFR01_INV01",
        "name": "PCS 18",
        "events_summary": [
          {
            "severity_id": 2,
            "mttr": 0.0
          }
        ]
      },
      {
        "id": "GESTO_BLXW_MVSG06_XFR01_INV03",
        "name": "PCS 20",
        "events_summary": [
          {
            "severity_id": 2,
            "mttr": 0.1
          }
        ]
      },
      {
        "id": "GESTO_BLXW_MVSG07_XFR01_INV02",
        "name": "PCS 22",
        "events_summary": [
          {
            "severity_id": 2,
            "mttr": 0.0
          }
        ]
      },
      {
        "id": "GESTO_BLXW_MVSG07_XFR01_INV03",
        "name": "PCS 23",
        "events_summary": [
          {
            "severity_id": 2,
            "mttr": 21.3
          }
        ]
      },
      {
        "id": "GESTO_BLXW_MVSG08_XFR01_INV01",
        "name": "PCS 24",
        "events_summary": [
          {
            "severity_id": 2,
            "mttr": 0.0
          }
        ]
      },
      {
        "id": "GESTO_BLXW_MVSG08_XFR01_INV02",
        "name": "PCS 25",
        "events_summary": [
          {
            "severity_id": 2,
            "mttr": 0.0
          }
        ]
      },
      {
        "id": "GESTO_BLXW_MVSG08_XFR01_INV03",
        "name": "PCS 26",
        "events_summary": [
          {
            "severity_id": 2,
            "mttr": 0.5
          }
        ]
      },
      {
        "id": "GESTO_BLXW_MVSG09_XFR01_INV01",
        "name": "PCS 27",
        "events_summary": [
          {
            "severity_id": 2,
            "mttr": 0.0
          }
        ]
      },
      {
        "id": "GESTO_BLXW_MVSG09_XFR01_INV02",
        "name": "PCS 28",
        "events_summary": [
          {
            "severity_id": 2,
            "mttr": 0.0
          }
        ]
      },
      {
        "id": "GESTO_BLXW_MVSG09_XFR01_INV03",
        "name": "PCS 29",
        "events_summary": [
          {
            "severity_id": 2,
            "mttr": 0.0
          }
        ]
      },
      {
        "id": "GESTO_BLXW_MVSG10_XFR01_INV01",
        "name": "PCS 30",
        "events_summary": [
          {
            "severity_id": 2,
            "mttr": 0.0
          }
        ]
      },
      {
        "id": "GESTO_BLXW_MVSG10_XFR01_INV02",
        "name": "PCS 31",
        "events_summary": [
          {
            "severity_id": 2,
            "mttr": 0.0
          }
        ]
      },
      {
        "id": "GESTO_BLXW_MVSG10_XFR01_INV03",
        "name": "PCS 32",
        "events_summary": [
          {
            "severity_id": 2,
            "mttr": 0.0
          }
        ]
      },
      {
        "id": "GESTO_BLXW_MVSG11_XFR01_INV01",
        "name": "PCS 33",
        "events_summary": [
          {
            "severity_id": 2,
            "mttr": 0.0
          }
        ]
      },
      {
        "id": "GESTO_BLXW_MVSG11_XFR01_INV02",
        "name": "PCS 34",
        "events_summary": [
          {
            "severity_id": 2,
            "mttr": 0.0
          }
        ]
      },
      {
        "id": "GESTO_BLXW_MVSG11_XFR01_INV03",
        "name": "PCS 35",
        "events_summary": [
          {
            "severity_id": 2,
            "mttr": 0.0
          }
        ]
      }
    ],
    "units": {
      "mttr": "hour"
    }
  }