{
    "events_summary": [
      {
        "severity_id": 2,
        "count": 15,
        "id": 1004,
        "desc": "Loss of DC Controller communication"
      },
      {
        "severity_id": 2,
        "count": 10,
        "id": 1005,
        "desc": "Loss of PCS communication"
      },
      {
        "severity_id": 2,
        "count": 21,
        "id": 1006,
        "desc": "Loss of Site Controller communication"
      },
      {
        "severity_id": 2,
        "count": 4,
        "id": 1011,
        "desc": "AC Controller timed out waiting for minimum number of strings connected"
      },
      {
        "severity_id": 2,
        "count": 6,
        "id": 1012,
        "desc": "Minimum number of battery strings are not available for startup"
      },
      {
        "severity_id": 2,
        "count": 2,
        "id": 1025,
        "desc": "De-rating current based on string overload protection"
      },
      {
        "severity_id": 2,
        "count": 3,
        "id": 2005,
        "desc": "DC booster temperature fault"
      },
      {
        "severity_id": 2,
        "count": 9,
        "id": 2006,
        "desc": "DC booster general fault"
      },
      {
        "severity_id": 2,
        "count": 1,
        "id": 2008,
        "desc": "Inverter general fault"
      },
      {
        "severity_id": 2,
        "count": 7,
        "id": 2009,
        "desc": "Line Inverter current fault"
      },
      {
        "severity_id": 2,
        "count": 3,
        "id": 2010,
        "desc": "Line Inverter temperature fault"
      },
      {
        "severity_id": 2,
        "count": 7,
        "id": 2011,
        "desc": "Line Inverter general fault"
      },
      {
        "severity_id": 2,
        "count": 9,
        "id": 2016,
        "desc": "Brilliance PCS fault code(s) active, check I/O Variables to identify code(s)"
      },
      {
        "severity_id": 2,
        "count": 11,
        "id": 2021,
        "desc": "Sleep contactor state fault"
      },
      {
        "severity_id": 2,
        "count": 7,
        "id": 2027,
        "desc": "DC booster current fault"
      },
      {
        "severity_id": 2,
        "count": 6,
        "id": 2040,
        "desc": "PCS HW E-Stop"
      },
      {
        "severity_id": 2,
        "count": 8,
        "id": 3005,
        "desc": "Requested voltage below limit"
      },
      {
        "severity_id": 2,
        "count": 4,
        "id": 3006,
        "desc": "Voltage out of tolerance during startup"
      },
      {
        "severity_id": 2,
        "count": 3,
        "id": 3080,
        "desc": "Tray voltage imbalance protection fault"
      },
      {
        "severity_id": 2,
        "count": 2,
        "id": 3081,
        "desc": "Tray temperature imbalance protection fault"
      }
    ]
  }