{"result":{"Components":[{"componentId":"1301762-10900493-0","properties":{"installDate":"2019-06-29","make":"SINOMATECH WIND POWER BLADE CO LTD","model":null,"partNumber":null,"render":null,"serialNumber":"FNC-0252ET079"},"tenantId":"geservQNgu","type":"BLADE"},{"componentId":"1301762-10900491-0","properties":{"installDate":"2019-06-24","make":"SINOMATECH WIND POWER BLADE CO LTD","model":null,"partNumber":null,"render":null,"serialNumber":"FNC-0235ET079"},"tenantId":"geservQNgu","type":"BLADE"},{"componentId":"1301762-10900492-0","properties":{"installDate":"2019-07-27","make":"SINOMATECH WIND POWER BLADE CO LTD","model":null,"partNumber":null,"render":null,"serialNumber":"FNC-0239ET079"},"tenantId":"geservQNgu","type":"BLADE"}],"Turbine":{},"asset_turbine_id":"32183887"},"status":"Success getting Component Details"}
