{"result":{"data":[{"attributes":{"turbinetype":"1.5-70.5"},"id":105,"type":"tableTurbineType"},{"attributes":{"turbinetype":"1.5-77"},"id":114,"type":"tableTurbineType"},{"attributes":{"turbinetype":"1.5-82.5"},"id":122,"type":"tableTurbineType"},{"attributes":{"turbinetype":"1.5-82.5 Repower"},"id":6,"type":"tableTurbineType"},{"attributes":{"turbinetype":"1.5-82.5 RePower"},"id":133,"type":"tableTurbineType"},{"attributes":{"turbinetype":"1.5-87"},"id":7,"type":"tableTurbineType"},{"attributes":{"turbinetype":"1.5-91"},"id":8,"type":"tableTurbineType"},{"attributes":{"turbinetype":"1.5i"},"id":9,"type":"tableTurbineType"},{"attributes":{"turbinetype":"1.5p"},"id":10,"type":"tableTurbineType"},{"attributes":{"turbinetype":"1.5s"},"id":11,"type":"tableTurbineType"},{"attributes":{"turbinetype":"1.5se"},"id":12,"type":"tableTurbineType"},{"attributes":{"turbinetype":"1.5sl"},"id":13,"type":"tableTurbineType"},{"attributes":{"turbinetype":"1.5sle"},"id":14,"type":"tableTurbineType"},{"attributes":{"turbinetype":"1.5sle ESS"},"id":15,"type":"tableTurbineType"},{"attributes":{"turbinetype":"1.5xle"},"id":16,"type":"tableTurbineType"},{"attributes":{"turbinetype":"1.5xle ESS"},"id":17,"type":"tableTurbineType"},{"attributes":{"turbinetype":"1.6-100"},"id":18,"type":"tableTurbineType"},{"attributes":{"turbinetype":"1.62-87 RePower"},"id":137,"type":"tableTurbineType"},{"attributes":{"turbinetype":"1.62-91"},"id":21,"type":"tableTurbineType"},{"attributes":{"turbinetype":"1.6-82.5"},"id":113,"type":"tableTurbineType"},{"attributes":{"turbinetype":"1.6-87"},"id":19,"type":"tableTurbineType"},{"attributes":{"turbinetype":"1.68-82.5"},"id":22,"type":"tableTurbineType"},{"attributes":{"turbinetype":"1.6-91"},"id":20,"type":"tableTurbineType"},{"attributes":{"turbinetype":"1.6-91 RePower"},"id":136,"type":"tableTurbineType"},{"attributes":{"turbinetype":"1.6sle"},"id":23,"type":"tableTurbineType"},{"attributes":{"turbinetype":"1.6xle ESS"},"id":24,"type":"tableTurbineType"},{"attributes":{"turbinetype":"1.7-100"},"id":25,"type":"tableTurbineType"},{"attributes":{"turbinetype":"1.7-103"},"id":26,"type":"tableTurbineType"},{"attributes":{"turbinetype":"1.79-100"},"id":27,"type":"tableTurbineType"},{"attributes":{"turbinetype":"1.85-82.5"},"id":28,"type":"tableTurbineType"},{"attributes":{"turbinetype":"1.85-87"},"id":29,"type":"tableTurbineType"},{"attributes":{"turbinetype":"1.85-91"},"id":30,"type":"tableTurbineType"},{"attributes":{"turbinetype":"2.0-116"},"id":31,"type":"tableTurbineType"},{"attributes":{"turbinetype":"2.1-116"},"id":32,"type":"tableTurbineType"},{"attributes":{"turbinetype":"2.2-107"},"id":33,"type":"tableTurbineType"},{"attributes":{"turbinetype":"2.2-116"},"id":34,"type":"tableTurbineType"},{"attributes":{"turbinetype":"2.3"},"id":1,"type":"tableTurbineType"},{"attributes":{"turbinetype":"2.3-107"},"id":35,"type":"tableTurbineType"},{"attributes":{"turbinetype":"2.3-116"},"id":36,"type":"tableTurbineType"},{"attributes":{"turbinetype":"2.3-94"},"id":102,"type":"tableTurbineType"},{"attributes":{"turbinetype":"2.4-107"},"id":37,"type":"tableTurbineType"},{"attributes":{"turbinetype":"2.4-116"},"id":38,"type":"tableTurbineType"},{"attributes":{"turbinetype":"2.5"},"id":2,"type":"tableTurbineType"},{"attributes":{"turbinetype":"2.5-100"},"id":118,"type":"tableTurbineType"},{"attributes":{"turbinetype":"2.5-100 DFIG"},"id":39,"type":"tableTurbineType"},{"attributes":{"turbinetype":"2.5-103"},"id":124,"type":"tableTurbineType"},{"attributes":{"turbinetype":"2.5-103 DFIG"},"id":40,"type":"tableTurbineType"},{"attributes":{"turbinetype":"2.5-116"},"id":41,"type":"tableTurbineType"},{"attributes":{"turbinetype":"2.5-120"},"id":120,"type":"tableTurbineType"},{"attributes":{"turbinetype":"2.5-120 DFIG"},"id":42,"type":"tableTurbineType"},{"attributes":{"turbinetype":"2.5-127"},"id":43,"type":"tableTurbineType"},{"attributes":{"turbinetype":"2.5-132"},"id":44,"type":"tableTurbineType"},{"attributes":{"turbinetype":"2.5-132 DFIG"},"id":45,"type":"tableTurbineType"},{"attributes":{"turbinetype":"2.5-132 ESS DFIG - Prototype"},"id":46,"type":"tableTurbineType"},{"attributes":{"turbinetype":"2.5xl"},"id":47,"type":"tableTurbineType"},{"attributes":{"turbinetype":"2.5xl-103"},"id":49,"type":"tableTurbineType"},{"attributes":{"turbinetype":"2.5xl - Prototype"},"id":48,"type":"tableTurbineType"},{"attributes":{"turbinetype":"2.7-116"},"id":51,"type":"tableTurbineType"},{"attributes":{"turbinetype":"2.7-132"},"id":132,"type":"tableTurbineType"},{"attributes":{"turbinetype":"2.75-100"},"id":52,"type":"tableTurbineType"},{"attributes":{"turbinetype":"2.75-100 DFIG"},"id":53,"type":"tableTurbineType"},{"attributes":{"turbinetype":"2.75-103"},"id":54,"type":"tableTurbineType"},{"attributes":{"turbinetype":"2.75-103 DFIG"},"id":56,"type":"tableTurbineType"},{"attributes":{"turbinetype":"2.75-103 - Prototype"},"id":55,"type":"tableTurbineType"},{"attributes":{"turbinetype":"2.75-120"},"id":109,"type":"tableTurbineType"},{"attributes":{"turbinetype":"2.75-120 DFIG"},"id":57,"type":"tableTurbineType"},{"attributes":{"turbinetype":"2.75-120 DFIG - Prototype"},"id":58,"type":"tableTurbineType"},{"attributes":{"turbinetype":"2.7 OF"},"id":50,"type":"tableTurbineType"},{"attributes":{"turbinetype":"2.8-127"},"id":59,"type":"tableTurbineType"},{"attributes":{"turbinetype":"2.85-100 DFIG"},"id":60,"type":"tableTurbineType"},{"attributes":{"turbinetype":"2.85-103"},"id":112,"type":"tableTurbineType"},{"attributes":{"turbinetype":"2.85-103 DFIG"},"id":61,"type":"tableTurbineType"},{"attributes":{"turbinetype":"300"},"id":3,"type":"tableTurbineType"},{"attributes":{"turbinetype":"3.0-103 DFIG"},"id":63,"type":"tableTurbineType"},{"attributes":{"turbinetype":"3.0-137"},"id":104,"type":"tableTurbineType"},{"attributes":{"turbinetype":"3.0-137 DFIG"},"id":64,"type":"tableTurbineType"},{"attributes":{"turbinetype":"3.0-140"},"id":130,"type":"tableTurbineType"},{"attributes":{"turbinetype":"3.0 OF"},"id":62,"type":"tableTurbineType"},{"attributes":{"turbinetype":"3.2-103"},"id":101,"type":"tableTurbineType"},{"attributes":{"turbinetype":"3.2-103 DFIG"},"id":65,"type":"tableTurbineType"},{"attributes":{"turbinetype":"3.2-130"},"id":106,"type":"tableTurbineType"},{"attributes":{"turbinetype":"3.2-130 DFIG"},"id":66,"type":"tableTurbineType"},{"attributes":{"turbinetype":"3.2s"},"id":67,"type":"tableTurbineType"},{"attributes":{"turbinetype":"3.3-154"},"id":110,"type":"tableTurbineType"},{"attributes":{"turbinetype":"3.4-130"},"id":116,"type":"tableTurbineType"},{"attributes":{"turbinetype":"3.4-130 DFIG"},"id":68,"type":"tableTurbineType"},{"attributes":{"turbinetype":"3.4-137 DFIG"},"id":69,"type":"tableTurbineType"},{"attributes":{"turbinetype":"3.5 OF"},"id":70,"type":"tableTurbineType"},{"attributes":{"turbinetype":"3.6-137"},"id":107,"type":"tableTurbineType"},{"attributes":{"turbinetype":"3.6-137 DFIG"},"id":71,"type":"tableTurbineType"},{"attributes":{"turbinetype":"3.6-137 DFIG - Prototype"},"id":72,"type":"tableTurbineType"},{"attributes":{"turbinetype":"3.6p"},"id":73,"type":"tableTurbineType"},{"attributes":{"turbinetype":"3.6s"},"id":74,"type":"tableTurbineType"},{"attributes":{"turbinetype":"3.8-130"},"id":98,"type":"tableTurbineType"},{"attributes":{"turbinetype":"3.8-130 DFIG"},"id":75,"type":"tableTurbineType"},{"attributes":{"turbinetype":"3.8-137"},"id":76,"type":"tableTurbineType"},{"attributes":{"turbinetype":"4.0-137"},"id":129,"type":"tableTurbineType"},{"attributes":{"turbinetype":"4.1 OF"},"id":77,"type":"tableTurbineType"},{"attributes":{"turbinetype":"4.2-117 DFIG - Prototype"},"id":78,"type":"tableTurbineType"},{"attributes":{"turbinetype":"4.8-158"},"id":135,"type":"tableTurbineType"},{"attributes":{"turbinetype":"500"},"id":4,"type":"tableTurbineType"},{"attributes":{"turbinetype":"5.3-158"},"id":115,"type":"tableTurbineType"},{"attributes":{"turbinetype":"5.3-158 DFIG - Prototype"},"id":79,"type":"tableTurbineType"},{"attributes":{"turbinetype":"5.5-158"},"id":128,"type":"tableTurbineType"},{"attributes":{"turbinetype":"600"},"id":5,"type":"tableTurbineType"},{"attributes":{"turbinetype":"600a"},"id":80,"type":"tableTurbineType"},{"attributes":{"turbinetype":"600e"},"id":81,"type":"tableTurbineType"},{"attributes":{"turbinetype":"700i"},"id":82,"type":"tableTurbineType"},{"attributes":{"turbinetype":"900s"},"id":83,"type":"tableTurbineType"},{"attributes":{"turbinetype":"ECO 100 3.0"},"id":125,"type":"tableTurbineType"},{"attributes":{"turbinetype":"ECO100_3.0-100"},"id":84,"type":"tableTurbineType"},{"attributes":{"turbinetype":"ECO100.60_3.0-100_60"},"id":85,"type":"tableTurbineType"},{"attributes":{"turbinetype":"ECO 110 3.0"},"id":121,"type":"tableTurbineType"},{"attributes":{"turbinetype":"ECO110_3.0-110"},"id":86,"type":"tableTurbineType"},{"attributes":{"turbinetype":"ECO-122 2.7"},"id":99,"type":"tableTurbineType"},{"attributes":{"turbinetype":"ECO122_2.7-122"},"id":87,"type":"tableTurbineType"},{"attributes":{"turbinetype":"ECO28"},"id":138,"type":"tableTurbineType"},{"attributes":{"turbinetype":"ECO28_0.225-28"},"id":88,"type":"tableTurbineType"},{"attributes":{"turbinetype":"ECO44_0.64-44"},"id":89,"type":"tableTurbineType"},{"attributes":{"turbinetype":"ECO48_0.75-48"},"id":90,"type":"tableTurbineType"},{"attributes":{"turbinetype":"ECO62_1.25-62"},"id":91,"type":"tableTurbineType"},{"attributes":{"turbinetype":"ECO 74 1.6"},"id":123,"type":"tableTurbineType"},{"attributes":{"turbinetype":"ECO74_1.67-74"},"id":92,"type":"tableTurbineType"},{"attributes":{"turbinetype":"ECO 80 1.6"},"id":126,"type":"tableTurbineType"},{"attributes":{"turbinetype":"ECO80_1.67-80"},"id":93,"type":"tableTurbineType"},{"attributes":{"turbinetype":"ECO80.2_2.0-80_2"},"id":94,"type":"tableTurbineType"},{"attributes":{"turbinetype":"ECO 86 1.6"},"id":111,"type":"tableTurbineType"},{"attributes":{"turbinetype":"ECO86.60_1.67-86_60"},"id":95,"type":"tableTurbineType"},{"attributes":{"turbinetype":"EW1.5S"},"id":103,"type":"tableTurbineType"},{"attributes":{"turbinetype":"EW1.5SL"},"id":108,"type":"tableTurbineType"},{"attributes":{"turbinetype":"EW3.6S"},"id":134,"type":"tableTurbineType"},{"attributes":{"turbinetype":"HAL150_6.0-HAL150 (offshore)"},"id":96,"type":"tableTurbineType"},{"attributes":{"turbinetype":"Haliade-X"},"id":131,"type":"tableTurbineType"},{"attributes":{"turbinetype":"TW250"},"id":127,"type":"tableTurbineType"},{"attributes":{"turbinetype":"TW600"},"id":100,"type":"tableTurbineType"},{"attributes":{"turbinetype":"TW600A"},"id":117,"type":"tableTurbineType"},{"attributes":{"turbinetype":"TW600E"},"id":97,"type":"tableTurbineType"},{"attributes":{"turbinetype":"UNKNOWN"},"id":119,"type":"tableTurbineType"}]},"status":"Success getting turbine types"}