{
    "result": {
        "data" : {
            "attributes": {
                "auto_execute": "TRUE",
                "blade_serial_number": "40861",
                "create_date": 1648553516,
                "datashark_version_id": "0",
                "deleted": false,
                "executioncompletion_date": 0,
                "executor_lid": 76,
                "inspection_type": "Drone",
                "inspector_lid": 144,
                "numberof_defectimages": 0,
                "numberof_images": 0,
                "numberof_videos": 10,
                "postprocessingcompletion_date": 0,
                "reportcompletion_date": 0,
                "s3": "Drone/Sage Draw/SD-063/2022-03-29/1648553516000",
                "scan_date": "2020-11-19",
                "site_lid": 6852,
                "stage_status": "ready",
                "turbine_cod": "2020-03-19",
                "turbine_number": "SD-063",
                "turbinetype_lid": 59,
                "uploadcompletion_date": 1648553553,
                "uploader_lid": 76,
                "workflow_stage": "execution"
            }
        }
    },
    "status": "Success getting job info for job ID:"
}