{
    "result": {
        "data": 
        [{
            "attributes" : {
                "auto_execute": "true",
                "blade_serial_number": "",
                "create_date": 1648555999,
                "datashark_version_id": "1.0.2D",
                "deleted": false,
                "executioncompletion_date": 1648556270,
                "executor_lid": 0,
                "inspection_type": "Drone",
                "inspector_lid": 115,
                "numberof_defectimages": 0,
                "numberof_images": 28,
                "numberof_videos": 28,
                "postprocessingcompletion_date": 0,
                "reportcompletion_date": 0,
                "s3": "Drone/South Peak/T-06/2021-08-26/1648555999",
                "scan_date": "2021-08-26",
                "site_lid": 6771,
                "stage_status": "ready",
                "turbine_cod": null,
                "turbine_number": "T-06",
                "turbinetype_lid": 119,
                "uploadcompletion_date": 1648556008,
                "uploader_lid": 115,
                "workflow_stage": "post process"
            },
            "id": 4785,
            "type": "tableJobs"
        },
        {
            "attributes" : {
                "auto_execute": "true",
                "blade_serial_number": "",
                "create_date": 1648555999,
                "datashark_version_id": "1.0.2D",
                "deleted": false,
                "executioncompletion_date": 1648556270,
                "executor_lid": 0,
                "inspection_type": "Drone",
                "inspector_lid": 115,
                "numberof_defectimages": 0,
                "numberof_images": 28,
                "numberof_videos": 28,
                "postprocessingcompletion_date": 0,
                "reportcompletion_date": 0,
                "s3": "Drone/South Peak/T-06/2021-08-26/1648555999",
                "scan_date": "2021-08-26",
                "site_lid": 6771,
                "stage_status": "ready",
                "turbine_cod": null,
                "turbine_number": "T-06",
                "turbinetype_lid": 119,
                "uploadcompletion_date": 1648556008,
                "uploader_lid": 115,
                "workflow_stage": "post process"
            },
            "id": 4785,
            "type": "tableJobs"
        }]
    },
    "status": "Success getting all jobs info"
}