{"result":{"data":[{"attributes":{"region_asset_id":"reg_apac","region_name":"APAC"},"id":6,"type":"tableRegion"},{"attributes":{"region_asset_id":"reg_eussa","region_name":"EU-SSA"},"id":3,"type":"tableRegion"},{"attributes":{"region_asset_id":"reg_latam","region_name":"LATAM"},"id":4,"type":"tableRegion"},{"attributes":{"region_asset_id":"reg_menat","region_name":"MENAT"},"id":5,"type":"tableRegion"},{"attributes":{"region_asset_id":"reg_nam","region_name":"NAM"},"id":2,"type":"tableRegion"},{"attributes":{"region_asset_id":"REG_UNKNOWN","region_name":"UNKNOWN"},"id":1,"type":"tableRegion"}]},"status":"Success getting region names"}