{"result":{"Turbines":[{"turbine_asset_id":"32183887","turbine_cod":"2019-11-01","turbine_model":"3.2-103","turbine_model_id":101,"turbine_name":"Ajigasawa T1","turbine_pad_number":"T1"},{"turbine_asset_id":"32183888","turbine_cod":"2019-11-01","turbine_model":"3.2-103","turbine_model_id":101,"turbine_name":"Ajigasawa T2","turbine_pad_number":"T2"},{"turbine_asset_id":"32183889","turbine_cod":"2019-11-01","turbine_model":"3.2-103","turbine_model_id":101,"turbine_name":"Ajigasawa T3","turbine_pad_number":"T3"}],"asset_site_id":"50003218"},"status":"Success getting Turbine Details"}
